iter	MultiClass
0	0.9823332534
1	0.8902854906
2	0.8205410905
3	0.7593762827
4	0.7105445717
5	0.6716397683
6	0.6373703575
7	0.6038857403
8	0.5761673786
9	0.5517381962
10	0.5296228523
11	0.5099421461
12	0.4926887557
13	0.4792470304
14	0.4647789162
15	0.4542502657
16	0.4463282754
17	0.4352158746
18	0.4249686733
19	0.4179261743
20	0.4115470825
21	0.4059204894
22	0.3997471652
23	0.3953810244
